{
  "bin_edges": [
    0.0,
    0.1,
    0.2,
    0.30000000000000004,
    0.4,
    0.5,
    0.6000000000000001,
    0.7000000000000001,
    0.8,
    0.9,
    1.0
  ],
  "mean_predicted": [
    0.0,
    0.1419348298211615,
    0.20501722632505237,
    0.30574680577756025,
    0.4511068222801502,
    0.5476362659299155,
    null,
    null,
    null,
    1.0
  ],
  "fraction_positive": [
    0.6666666666666666,
    0.0,
    0.27040816326530615,
    0.29902642559109877,
    0.47046843177189407,
    0.5581395348837209,
    null,
    null,
    null,
    0.75
  ],
  "counts": [
    3,
    1,
    196,
    719,
    491,
    86,
    0,
    0,
    0,
    4
  ]
}